{"cameraMode":{"drawMode":0,"name":"Shaded","section":"Shading Mode"},"sceneLighting":false,"audioPlay":false,"sceneViewState":{"m_AlwaysRefresh":false,"showFog":true,"showSkybox":false,"showFlares":true,"showImageEffects":true,"showParticleSystems":true,"showVisualEffectGraphs":true,"m_FxEnabled":true},"in2DMode":false,"pivot":{"x":0.0009655356407165527,"y":1.3731600046157838,"z":-0.033531367778778079},"rotation":{"x":0.003579008625820279,"y":0.9364938735961914,"z":0.009541957639157772,"w":-0.3505711257457733},"size":1.470961570739746,"orthographic":false}